recId,shot_made_flag
2,missed
3,missed
8,missed
15,made
23,made
24,made
27,missed
28,made
36,made
40,made
41,made
43,made
53,made
54,missed
59,missed
61,made
67,missed
69,made
73,missed
77,missed
78,missed
85,missed
87,missed
88,missed
94,missed
104,missed
125,missed
127,missed
133,made
135,made
143,made
150,made
152,missed
154,made
156,made
167,missed
179,missed
185,missed
189,missed
203,missed
215,made
220,missed
225,missed
238,missed
244,made
246,made
248,made
250,made
252,made
255,made
257,made
259,missed
263,made
266,missed
278,missed
285,missed
289,made
301,made
305,missed
319,missed
324,made
328,missed
329,made
335,missed
336,made
352,missed
353,missed
357,missed
359,made
375,missed
382,missed
384,made
394,missed
400,made
406,missed
410,missed
425,missed
426,made
427,missed
428,made
429,made
433,made
437,missed
441,missed
443,missed
447,missed
448,made
458,missed
459,missed
466,missed
470,missed
471,missed
486,missed
489,missed
493,made
498,missed
503,made
505,made
518,missed
521,missed
523,missed
533,made
534,made
535,made
543,made
560,missed
570,missed
576,made
579,missed
586,missed
597,missed
614,missed
617,missed
618,made
630,missed
633,missed
642,missed
659,made
661,missed
664,missed
685,missed
686,made
687,missed
689,missed
695,missed
701,made
702,missed
705,missed
707,made
718,made
719,missed
722,made
735,missed
738,missed
745,missed
759,missed
767,missed
774,missed
780,missed
781,missed
785,missed
792,missed
796,missed
797,missed
807,missed
809,made
811,missed
813,missed
829,missed
835,missed
837,missed
838,missed
840,missed
842,missed
848,missed
853,missed
859,missed
870,missed
875,missed
895,missed
906,missed
909,missed
910,made
912,missed
927,made
928,made
932,missed
941,missed
951,missed
956,missed
968,missed
972,missed
979,made
982,missed
984,missed
994,missed
995,missed
996,made
1002,missed
1004,made
1016,made
1027,missed
1028,missed
1031,missed
1045,missed
1047,missed
1048,made
1051,missed
1059,missed
1060,made
1062,missed
1063,missed
1070,missed
1074,missed
1077,made
1079,missed
1083,missed
1090,missed
1093,made
1107,made
1119,made
1121,missed
1127,made
1133,missed
1154,made
1158,made
1162,missed
1178,missed
1179,missed
1181,missed
1186,made
1188,missed
1197,made
1200,missed
1205,missed
1215,missed
1222,missed
1224,missed
1226,missed
1227,missed
1252,missed
1253,made
1256,made
1261,made
1263,missed
1265,missed
1271,made
1276,made
1286,made
1291,missed
1295,made
1297,missed
1320,made
1327,missed
1329,made
1336,made
1341,missed
1342,missed
1348,made
1350,missed
1352,missed
1360,missed
1363,made
1368,missed
1369,missed
1382,made
1383,missed
1392,missed
1399,made
1406,made
1417,missed
1424,missed
1439,made
1440,missed
1441,missed
1448,missed
1449,missed
1456,made
1462,missed
1468,made
1469,missed
1477,missed
1479,missed
1481,made
1482,made
1489,missed
1491,made
1505,made
1506,missed
1535,missed
1548,missed
1550,missed
1564,made
1574,missed
1575,missed
1580,made
1581,made
1588,missed
1592,missed
1595,missed
1597,made
1614,missed
1616,made
1617,made
1623,made
1628,missed
1635,missed
1636,made
1640,made
1649,made
1657,missed
1664,missed
1666,made
1671,missed
1672,missed
1673,made
1675,made
1677,missed
1681,missed
1683,missed
1684,missed
1700,made
1703,missed
1721,missed
1727,made
1728,missed
1733,missed
1749,missed
1766,missed
1774,missed
1776,missed
1788,missed
1789,made
1795,made
1802,missed
1818,made
1847,missed
1852,missed
1854,made
1855,made
1857,made
1863,missed
1872,made
1876,missed
1877,missed
1887,made
1890,made
1894,made
1901,missed
1902,made
1910,made
1913,made
1916,made
1920,missed
1921,made
1930,made
1935,missed
1938,made
1939,missed
1948,made
1951,made
1954,made
1957,made
1964,missed
1967,missed
1968,made
1969,missed
1981,missed
1987,missed
2000,missed
2005,missed
2010,missed
2015,missed
2022,missed
2025,missed
2026,made
2029,made
2049,missed
2077,made
2081,made
2082,made
2083,made
2089,missed
2110,made
2127,missed
2133,missed
2136,made
2150,made
2151,made
2165,missed
2166,missed
2168,made
2174,missed
2175,made
2176,made
2201,missed
2204,made
2222,missed
2224,made
2231,made
2239,made
2248,missed
2254,made
2260,missed
2275,missed
2279,missed
2284,made
2288,made
2290,made
2292,missed
2296,missed
2297,missed
2299,missed
2314,made
2319,missed
2323,made
2331,made
2344,made
2356,made
2364,missed
2368,made
2374,made
2377,missed
2380,missed
2381,missed
2388,made
2407,made
2416,missed
2419,missed
2421,missed
2424,made
2429,missed
2431,missed
2433,made
2440,missed
2455,missed
2458,missed
2460,missed
2461,made
2467,missed
2475,made
2479,missed
2482,missed
2488,made
2491,made
2500,missed
2506,made
2509,missed
2512,made
2514,made
2518,missed
2519,missed
2521,made
2527,missed
2528,missed
2530,missed
2537,made
2543,missed
2544,missed
2545,missed
2564,missed
2572,missed
2574,missed
2587,made
2588,made
2590,missed
2591,missed
2594,missed
2597,missed
2610,made
2621,missed
2625,made
2629,missed
2634,made
2640,made
2641,missed
2651,made
2653,made
2676,missed
2678,made
2679,made
2680,missed
2682,missed
2694,missed
2698,missed
2702,missed
2707,missed
2710,missed
2711,missed
2712,missed
2714,missed
2717,missed
2727,missed
2732,missed
2734,missed
2752,missed
2766,missed
2768,missed
2780,made
2783,missed
2793,made
2798,missed
2810,made
2830,made
2832,missed
2836,missed
2856,missed
2868,missed
2869,missed
2870,made
2880,missed
2881,made
2887,missed
2895,missed
2898,missed
2913,missed
2921,made
2937,missed
2944,missed
2946,made
2947,made
2948,missed
2951,made
2961,missed
2962,missed
2972,made
2974,missed
2987,missed
2988,missed
3001,missed
3002,missed
3005,made
3007,missed
3010,missed
3015,missed
3031,missed
3048,missed
3051,made
3053,missed
3057,missed
3060,made
3063,made
3065,missed
3070,missed
3075,missed
3081,missed
3091,missed
3092,missed
3096,made
3100,missed
3101,made
3110,made
3117,made
3118,missed
3120,made
3126,missed
3128,made
3130,missed
3138,missed
3140,made
3145,missed
3156,made
3158,missed
3162,made
3164,made
3175,made
3176,missed
3177,made
3178,missed
3181,missed
3185,made
3186,made
3188,made
3200,missed
3202,made
3207,made
3223,missed
3236,missed
3237,missed
3263,missed
3273,missed
3277,made
3296,missed
3297,missed
3298,missed
3299,missed
3304,missed
3305,missed
3306,missed
3308,missed
3314,made
3315,made
3326,missed
3336,missed
3338,missed
3348,made
3353,missed
3354,made
3362,missed
3364,missed
3373,made
3382,made
3395,missed
3396,missed
3398,missed
3411,missed
3422,missed
3425,made
3433,missed
3438,missed
3447,missed
3459,missed
3464,made
3469,missed
3475,made
3476,missed
3482,missed
3484,missed
3494,made
3504,made
3506,missed
3507,missed
3509,missed
3519,made
3520,made
3527,missed
3528,made
3533,made
3543,made
3560,missed
3566,missed
3568,made
3572,missed
3582,made
3588,made
3592,made
3595,missed
3596,made
3597,made
3609,missed
3610,made
3618,missed
3641,missed
3644,missed
3645,made
3654,missed
3655,missed
3661,missed
3662,missed
3666,missed
3679,missed
3684,missed
3685,missed
3701,made
3706,missed
3707,missed
3710,missed
3736,made
3742,missed
3748,made
3760,missed
3761,missed
3763,made
3766,made
3768,made
3769,made
3774,missed
3775,missed
3783,made
3787,missed
3789,made
3793,missed
3794,missed
3806,missed
3812,missed
3826,missed
3834,made
3836,missed
3839,missed
3840,made
3844,missed
3848,missed
3852,missed
3853,missed
3854,missed
3855,missed
3863,made
3867,made
3868,missed
3884,made
3885,made
3889,missed
3912,made
3918,missed
3929,missed
3946,missed
3956,made
3964,missed
3966,made
3978,missed
3981,made
3982,missed
3991,missed
3992,made
3997,missed
4010,missed
4015,made
4018,missed
4055,made
4058,missed
4073,made
4079,missed
4098,missed
4100,made
4107,made
4108,missed
4120,made
4131,missed
4134,missed
4135,made
4164,made
4167,missed
4189,missed
4192,missed
4195,missed
4207,missed
4213,made
4215,missed
4237,made
4239,missed
4242,made
4244,missed
4251,missed
4252,made
4256,made
4283,missed
4285,missed
4293,missed
4303,missed
4307,missed
4309,missed
4311,missed
4312,missed
4313,missed
4314,made
4319,missed
4324,missed
4339,missed
4343,missed
4347,made
4350,missed
4352,missed
4353,missed
4358,missed
4359,missed
4360,missed
4374,made
4375,made
4379,missed
4382,missed
4386,missed
4389,missed
4416,made
4417,missed
4418,made
4427,missed
4428,missed
4440,missed
4447,missed
4464,missed
4476,made
4478,missed
4494,missed
4499,missed
4501,missed
4502,missed
4511,missed
4512,missed
4520,made
4521,missed
4525,missed
4528,missed
4529,missed
4535,made
4536,made
4542,missed
4543,missed
4545,missed
4549,made
4552,missed
4563,missed
4564,missed
4566,missed
4568,missed
4584,missed
4585,missed
4589,missed
4592,made
4605,missed
4608,missed
4610,missed
4615,missed
4618,missed
4622,missed
4631,missed
4634,made
4638,missed
4660,missed
4661,made
4667,missed
4673,missed
4682,missed
4684,made
4715,missed
4728,missed
4729,missed
4762,made
4764,made
4770,missed
4774,made
4779,missed
4783,made
4784,missed
4790,missed
4797,missed
4805,missed
4808,missed
4809,missed
4814,missed
4817,missed
4820,missed
4840,missed
4845,missed
4851,made
4852,made
4853,made
4857,made
4867,missed
4874,missed
4876,missed
4890,made
4905,made
4918,missed
4925,missed
4926,missed
4934,made
4939,made
4942,missed
4943,missed
4958,made
4960,missed
4962,missed
4973,made
4975,missed
4976,made
4985,missed
4988,made
4993,missed
4997,missed
5009,made
5011,made
5016,missed
5034,missed
5038,missed
5044,missed
5047,made
5048,missed
5057,missed
5059,made
5066,missed
5068,missed
5072,missed
5078,made
5079,missed
5083,made
5084,missed
5094,missed
5097,made
5098,missed
5099,made
5100,made
5114,missed
5121,made
5126,missed
5133,missed
5136,made
5140,missed
5154,missed
5159,missed
5183,made
5190,missed
5193,made
5204,made
5206,made
5222,missed
5232,missed
5243,missed
5256,made
5269,made
5272,missed
5273,made
5274,made
5275,missed
5276,missed
5279,made
5289,missed
5290,missed
5292,missed
5297,made
5300,made
5301,missed
5305,made
5309,missed
5318,missed
5331,missed
5337,missed
5342,missed
5343,made
5346,missed
5348,missed
5351,missed
5355,missed
5367,made
5370,made
5385,missed
5387,missed
5392,made
5397,made
5404,made
5416,missed
5417,missed
5429,made
5433,missed
5434,made
5435,made
5441,missed
5453,made
5461,missed
5464,missed
5468,made
5469,missed
5470,made
5472,missed
5474,made
5489,missed
5494,missed
5496,missed
5501,missed
5510,made
5511,missed
5512,made
5518,missed
5523,made
5524,made
5528,missed
5537,missed
5539,missed
5541,missed
5548,missed
5563,missed
5564,missed
5593,missed
5600,made
5609,made
5620,made
5621,made
5630,made
5659,missed
5660,made
5669,missed
5671,made
5680,missed
5681,missed
5689,missed
5696,made
5712,made
5713,made
5714,made
5729,made
5735,made
5736,made
5758,missed
5761,missed
5767,made
5772,made
5773,missed
5784,missed
5787,made
5789,missed
5790,missed
5811,missed
5823,made
5830,missed
5831,missed
5834,missed
5835,missed
5836,missed
5854,made
5855,missed
5857,made
5858,made
5864,missed
5873,made
5879,missed
5881,missed
5882,made
5883,missed
5897,missed
5899,missed
5911,made
5934,made
5935,missed
5937,made
5940,missed
5944,missed
5955,made
5956,made
5960,missed
5974,made
5977,missed
5978,made
5984,missed
5988,made
5994,missed
5999,made
6001,missed
6006,made
6018,missed
6026,made
6044,made
6045,made
6047,missed
6058,missed
6059,missed
6070,missed
6072,missed
6077,made
6086,missed
6095,missed
6105,missed
6120,made
6128,made
6130,made
6138,missed
6152,made
6153,made
6156,missed
6158,made
6161,made
6169,missed
6180,made
6181,missed
6193,missed
6194,missed
6198,missed
6200,missed
6201,made
6216,missed
6218,made
6220,missed
6223,made
6229,made
6236,missed
6237,missed
6246,missed
6249,missed
6252,missed
6257,missed
6264,made
6271,made
6288,missed
6292,missed
6302,made
6306,missed
6310,missed
6312,made
6313,missed
6317,missed
6318,missed
6321,missed
6324,missed
6327,missed
6330,made
6331,missed
6332,made
6333,missed
6347,missed
6350,missed
6351,made
6352,missed
6354,missed
6359,missed
6361,missed
6363,missed
6370,made
6377,made
6378,made
6380,missed
6396,missed
6397,missed
6399,missed
6417,missed
6418,missed
6431,missed
6434,missed
6440,made
6441,missed
6443,made
6448,made
6456,made
6457,made
6463,made
6469,made
6481,made
6482,made
6485,missed
6509,missed
6516,made
6524,made
6527,made
6536,made
6549,missed
6554,missed
6563,missed
6565,missed
6566,missed
6575,made
6608,made
6612,missed
6613,made
6617,made
6618,made
6625,made
6636,made
6649,made
6650,made
6654,missed
6656,made
6657,missed
6672,made
6673,missed
6677,made
6679,made
6680,missed
6693,missed
6701,missed
6703,missed
6705,missed
6706,missed
6710,made
6711,missed
6714,missed
6717,missed
6721,missed
6733,missed
6737,missed
6738,missed
6740,missed
6746,missed
6762,missed
6767,made
6776,made
6780,made
6784,missed
6788,missed
6789,made
6791,made
6794,made
6805,made
6818,missed
6828,missed
6843,made
6859,made
6862,missed
6867,missed
6870,missed
6877,missed
6884,missed
6889,made
6898,missed
6900,missed
6903,missed
6905,missed
6927,missed
6929,missed
6953,missed
6954,made
6955,missed
6956,missed
6958,missed
6963,missed
6978,made
7001,made
7005,missed
7006,missed
7011,missed
7014,missed
7028,made
7033,made
7037,made
7044,made
7051,made
7052,made
7058,missed
7068,missed
7081,made
7082,missed
7088,missed
7097,missed
7100,missed
7124,made
7125,made
7143,made
7144,made
7148,made
7150,made
7160,made
7161,missed
7162,missed
7166,missed
7171,missed
7172,missed
7180,missed
7186,missed
7187,missed
7188,missed
7194,missed
7201,missed
7202,made
7204,missed
7206,missed
7218,missed
7220,missed
7221,missed
7222,made
7227,missed
7232,missed
7256,made
7260,made
7261,made
7265,missed
7282,missed
7290,missed
7294,made
7297,missed
7311,missed
7318,missed
7323,made
7328,made
7332,missed
7339,missed
7347,missed
7349,missed
7355,made
7357,missed
7359,made
7377,made
7381,missed
7382,made
7384,made
7391,missed
7397,missed
7401,made
7402,missed
7404,missed
7407,made
7410,made
7411,missed
7424,missed
7427,missed
7428,missed
7429,missed
7438,made
7441,made
7443,made
7445,missed
7447,made
7461,made
7475,made
7477,made
7479,made
7483,missed
7485,missed
7488,made
7489,missed
7491,made
7495,missed
7497,missed
7501,made
7505,made
7515,missed
7517,made
7523,missed
7530,missed
7534,made
7537,made
7538,made
7542,missed
7545,made
7549,missed
7550,missed
7552,missed
7554,missed
7600,missed
7601,made
7622,missed
7629,missed
7630,missed
7646,missed
7665,made
7671,made
7674,made
7675,missed
7676,missed
7682,made
7684,missed
7685,made
7690,missed
7708,missed
7716,made
7720,made
7740,missed
7744,made
7745,missed
7753,made
7759,missed
7763,missed
7768,missed
7775,missed
7791,missed
7804,missed
7807,missed
7822,made
7823,made
7824,missed
7831,made
7849,made
7851,made
7853,made
7857,missed
7860,missed
7868,made
7886,made
7887,missed
7890,missed
7905,made
7910,missed
7916,missed
7921,missed
7923,made
7925,missed
7929,missed
7932,missed
7935,missed
7937,missed
7940,missed
7959,missed
7974,missed
7980,made
7985,missed
7994,made
8003,made
8004,made
8007,made
8008,missed
8012,made
8020,made
8021,missed
8030,made
8032,missed
8034,missed
8035,missed
8036,missed
8042,missed
8052,missed
8054,made
8058,missed
8062,missed
8063,made
8073,made
8080,made
8083,missed
8088,made
8089,made
8103,made
8109,missed
8110,missed
8120,made
8133,made
8150,made
8152,missed
8159,missed
8163,made
8170,missed
8172,missed
8175,missed
8177,made
8188,missed
8194,missed
8199,missed
8204,made
8211,missed
8212,missed
8215,missed
8217,missed
8221,missed
8223,missed
8224,missed
8234,missed
8236,made
8240,made
8241,missed
8242,missed
8243,missed
8244,missed
8262,made
8264,missed
8265,made
8272,missed
8282,missed
8287,missed
8307,missed
8318,missed
8322,missed
8332,made
8337,made
8338,missed
8351,missed
8368,missed
8370,made
8373,made
8375,missed
8384,missed
8386,made
8387,missed
8390,missed
8402,missed
8406,made
8409,made
8414,missed
8420,missed
8429,missed
8431,missed
8436,missed
8453,missed
8454,missed
8460,made
8465,made
8470,missed
8492,missed
8495,missed
8497,missed
8498,missed
8502,missed
8503,made
8505,missed
8515,missed
8518,missed
8519,missed
8520,missed
8528,missed
8529,missed
8540,missed
8544,missed
8546,missed
8552,made
8557,missed
8571,missed
8589,made
8593,missed
8600,missed
8605,missed
8608,missed
8622,made
8623,missed
8627,missed
8630,missed
8645,missed
8647,missed
8648,missed
8649,missed
8650,missed
8654,missed
8670,made
8686,made
8688,missed
8699,made
8711,missed
8716,missed
8717,missed
8725,missed
8730,missed
8738,made
8740,missed
8749,missed
8760,missed
8765,missed
8769,missed
8773,missed
8785,missed
8787,missed
8788,missed
8789,missed
8791,missed
8793,missed
8806,missed
8818,missed
8821,missed
8832,missed
8856,missed
8870,missed
8883,missed
8884,missed
8887,missed
8908,missed
8926,missed
8927,made
8935,missed
8956,missed
8962,made
8968,made
8969,made
8982,missed
9006,missed
9013,made
9014,missed
9026,made
9030,missed
9038,missed
9041,made
9053,missed
9060,missed
9068,missed
9079,made
9085,made
9087,made
9095,made
9101,missed
9103,missed
9111,made
9116,missed
9120,made
9132,missed
9134,missed
9144,missed
9151,made
9161,missed
9162,made
9164,missed
9165,made
9177,missed
9178,missed
9180,made
9182,missed
9184,missed
9186,made
9218,missed
9231,missed
9235,missed
9237,made
9242,missed
9248,made
9255,made
9258,missed
9262,missed
9287,made
9288,missed
9291,missed
9296,missed
9300,missed
9304,missed
9305,made
9320,missed
9322,missed
9323,made
9325,missed
9329,missed
9331,made
9337,made
9350,made
9354,missed
9358,missed
9362,made
9372,made
9391,missed
9392,missed
9393,missed
9401,made
9410,missed
9429,missed
9441,missed
9442,missed
9449,missed
9453,missed
9456,missed
9458,missed
9465,made
9467,made
9468,missed
9472,missed
9493,missed
9516,made
9517,made
9518,missed
9526,made
9551,missed
9561,missed
9564,made
9566,made
9592,missed
9593,made
9596,missed
9603,made
9604,missed
9607,made
9608,made
9610,missed
9625,missed
9637,missed
9640,missed
9642,made
9657,missed
9683,made
9684,missed
9687,missed
9701,made
9710,missed
9711,made
9715,made
9725,made
9733,made
9735,made
9738,missed
9747,missed
9758,made
9762,missed
9769,missed
9788,made
9789,made
9793,missed
9796,made
9798,made
9808,missed
9813,missed
9822,made
9826,missed
9829,made
9831,made
9850,missed
9851,missed
9853,made
9857,missed
9861,made
9868,made
9870,missed
9875,made
9876,made
9879,missed
9886,missed
9891,missed
9903,missed
9913,missed
9918,made
9923,missed
9926,missed
9936,missed
9940,made
9950,missed
9952,missed
9957,made
9958,made
9959,made
9965,missed
9973,missed
9974,missed
9978,missed
9982,missed
9991,made
9993,missed
9995,missed
9997,made
10000,made
10001,made
10020,missed
10030,missed
10032,missed
10041,made
10047,made
10054,missed
10056,made
10074,missed
10090,missed
10106,missed
10120,missed
10139,made
10143,made
10147,made
10148,made
10153,missed
10174,missed
10179,made
10181,made
10186,missed
10191,missed
10217,missed
10225,made
10226,missed
10233,missed
10256,made
10280,made
10286,missed
10287,missed
10289,made
10291,missed
10296,made
10301,missed
10310,missed
10315,missed
10340,missed
10345,missed
10347,missed
10363,missed
10364,missed
10365,made
10375,missed
10380,missed
10388,missed
10389,missed
10402,missed
10436,missed
10438,missed
10443,missed
10449,made
10458,missed
10459,missed
10463,missed
10464,missed
10469,missed
10472,missed
10473,missed
10474,missed
10479,missed
10484,made
10490,missed
10493,missed
10512,made
10513,made
10534,missed
10536,made
10542,made
10561,made
10567,missed
10580,missed
10585,missed
10587,missed
10591,made
10608,missed
10625,missed
10629,made
10630,made
10635,missed
10638,missed
10658,made
10663,missed
10665,made
10668,made
10669,made
10671,made
10674,missed
10678,missed
10681,made
10682,missed
10687,missed
10695,missed
10696,missed
10701,missed
10705,missed
10708,missed
10724,made
10730,made
10731,missed
10734,missed
10740,made
10752,made
10754,missed
10755,made
10759,made
10760,missed
10770,missed
10771,made
10772,missed
10776,missed
10780,made
10803,missed
10819,made
10821,made
10824,made
10826,missed
10828,missed
10839,missed
10840,missed
10857,missed
10862,missed
10864,made
10871,made
10874,missed
10879,missed
10886,missed
10898,missed
10902,made
10907,made
10913,missed
10921,missed
10922,missed
10924,missed
10927,missed
10928,made
10929,missed
10944,missed
10948,made
10950,missed
10961,missed
10980,missed
10981,missed
10996,made
10998,made
11004,missed
11007,made
11013,missed
11017,missed
11022,made
11032,missed
11034,made
11035,missed
11041,missed
11043,missed
11050,missed
11053,missed
11069,missed
11072,missed
11074,missed
11077,made
11086,missed
11103,made
11107,missed
11109,made
11110,made
11124,missed
11125,missed
11131,missed
11132,missed
11147,missed
11148,missed
11170,missed
11186,missed
11193,missed
11196,missed
11203,made
11212,missed
11223,missed
11226,missed
11227,missed
11229,missed
11235,missed
11236,made
11248,made
11250,made
11252,missed
11269,made
11271,made
11275,missed
11282,made
11285,made
11286,made
11287,made
11289,made
11306,made
11316,made
11322,made
11324,missed
11326,made
11335,missed
11338,missed
11340,missed
11343,made
11347,made
11349,missed
11352,missed
11361,made
11365,made
11382,missed
11386,made
11398,missed
11404,missed
11408,missed
11411,missed
11432,made
11438,made
11465,made
11470,missed
11476,made
11486,missed
11488,made
11489,missed
11496,missed
11499,missed
11502,made
11504,missed
11506,missed
11507,missed
11516,made
11522,missed
11532,missed
11543,missed
11551,missed
11557,missed
11559,made
11560,missed
11569,made
11570,missed
11574,missed
11580,missed
11590,made
11592,missed
11594,missed
11595,missed
11597,missed
11598,missed
11599,missed
11600,missed
11604,missed
11605,missed
11607,missed
11634,made
11649,made
11651,missed
11657,missed
11662,made
11668,missed
11670,missed
11671,missed
11676,missed
11679,missed
11680,made
11690,missed
11693,missed
11696,missed
11708,missed
11713,missed
11722,missed
11723,missed
11725,missed
11726,made
11730,missed
11731,made
11732,made
11736,missed
11737,missed
11746,made
11747,made
11755,made
11760,made
11764,missed
11773,made
11774,missed
11780,missed
11784,missed
11798,missed
11800,missed
11818,missed
11821,missed
11825,made
11828,missed
11829,missed
11830,made
11839,missed
11841,missed
11848,missed
11849,made
11850,missed
11853,missed
11865,made
11868,made
11872,missed
11873,missed
11878,missed
11885,made
11889,missed
11897,made
11899,missed
11901,missed
11919,missed
11922,missed
11931,missed
11934,made
11936,missed
11949,missed
11952,made
11954,missed
11957,missed
11959,missed
11960,made
11961,missed
11971,missed
11978,missed
11991,made
11992,missed
12001,made
12002,missed
12003,missed
12006,missed
12007,missed
12011,missed
12020,made
12027,missed
12029,missed
12032,missed
12038,made
12046,missed
12050,missed
12052,missed
12057,missed
12071,made
12081,missed
12089,made
12090,missed
12091,missed
12096,missed
12099,missed
12100,missed
12101,missed
12102,missed
12104,missed
12105,missed
12113,missed
12115,made
12117,missed
12120,missed
12136,missed
12150,missed
12157,missed
12162,missed
12177,missed
12178,made
12185,missed
12187,missed
12200,missed
12211,missed
12215,made
12218,made
12220,missed
12227,missed
12229,missed
12233,missed
12251,missed
12255,missed
12271,missed
12273,made
12289,made
12295,made
12299,made
12301,made
12309,missed
12313,missed
12319,missed
12341,made
12345,missed
12346,made
12348,missed
12350,made
12363,made
12369,made
12373,missed
12374,missed
12378,missed
12382,missed
12390,made
12394,made
12395,made
12398,missed
12399,missed
12402,missed
12414,made
12428,missed
12430,missed
12437,missed
12441,missed
12442,missed
12445,made
12447,made
12461,made
12465,made
12466,made
12467,made
12470,missed
12471,made
12484,made
12486,missed
12488,made
12490,made
12491,missed
12511,made
12522,missed
12535,made
12540,missed
12549,made
12551,made
12554,missed
12559,made
12564,made
12569,made
12570,made
12574,made
12577,made
12579,made
12581,made
12590,missed
12594,missed
12596,missed
12616,made
12624,made
12639,missed
12666,missed
12667,made
12679,made
12681,made
12701,made
12734,made
12738,missed
12742,missed
12749,made
12755,missed
12774,missed
12789,made
12805,made
12811,missed
12813,missed
12818,missed
12827,missed
12834,missed
12837,made
12869,made
12879,missed
12896,made
12898,made
12900,made
12915,missed
12927,missed
12928,made
12940,missed
12946,missed
12954,missed
12956,missed
12963,missed
12966,missed
12967,missed
12970,missed
12975,missed
12976,made
12984,missed
12992,missed
13004,missed
13005,made
13008,missed
13010,made
13016,made
13017,missed
13018,missed
13030,missed
13034,missed
13064,missed
13069,made
13094,made
13097,missed
13098,missed
13099,missed
13110,missed
13112,missed
13117,made
13119,made
13121,missed
13135,made
13136,missed
13137,missed
13147,missed
13149,missed
13155,made
13160,missed
13161,made
13174,missed
13177,made
13182,missed
13184,made
13188,made
13192,missed
13211,missed
13217,missed
13221,made
13222,made
13223,made
13229,made
13237,missed
13247,made
13249,made
13254,missed
13256,made
13259,missed
13265,missed
13267,missed
13268,made
13269,missed
13270,made
13271,missed
13281,made
13284,missed
13289,missed
13292,missed
13303,missed
13339,missed
13355,missed
13356,made
13369,made
13374,made
13375,made
13377,made
13378,made
13390,made
13396,missed
13397,missed
13406,missed
13411,made
13413,missed
13418,missed
13422,missed
13423,missed
13427,missed
13429,missed
13447,made
13456,missed
13471,made
13472,made
13475,missed
13480,made
13491,missed
13498,missed
13504,made
13514,made
13521,missed
13528,missed
13529,missed
13531,missed
13533,missed
13536,missed
13542,missed
13547,missed
13549,missed
13551,missed
13552,missed
13564,missed
13567,made
13571,missed
13580,missed
13581,missed
13584,missed
13597,missed
13605,missed
13608,made
13610,made
13619,missed
13625,made
13630,made
13634,made
13650,missed
13653,made
13661,made
13662,missed
13671,made
13674,missed
13680,made
13681,made
13690,made
13692,missed
13696,made
13704,missed
13710,missed
13731,made
13732,missed
13733,made
13735,missed
13748,missed
13751,missed
13754,made
13759,made
13760,missed
13762,missed
13764,made
13768,made
13770,made
13771,missed
13782,missed
13786,made
13790,made
13815,missed
13859,missed
13862,made
13865,missed
13886,made
13888,made
13891,made
13892,made
13893,made
13909,missed
13918,missed
13947,missed
13948,missed
13962,missed
13967,missed
13979,missed
13985,made
13997,missed
14009,missed
14011,made
14014,missed
14026,missed
14030,missed
14034,missed
14049,made
14051,made
14060,missed
14062,missed
14070,made
14076,made
14090,missed
14094,missed
14096,missed
14099,made
14104,made
14105,missed
14114,missed
14122,missed
14127,made
14128,made
14130,missed
14138,missed
14142,missed
14152,made
14157,made
14195,missed
14207,missed
14221,made
14222,made
14228,made
14233,missed
14235,missed
14236,missed
14237,missed
14240,missed
14241,missed
14256,missed
14257,made
14268,made
14270,missed
14274,missed
14282,missed
14297,made
14324,made
14330,made
14331,missed
14333,missed
14342,missed
14346,missed
14361,made
14362,made
14364,missed
14375,missed
14376,missed
14380,missed
14388,missed
14393,missed
14399,missed
14427,made
14429,missed
14435,missed
14442,made
14444,missed
14451,missed
14454,missed
14462,missed
14466,missed
14503,missed
14505,missed
14513,missed
14525,made
14526,made
14530,made
14537,missed
14550,missed
14551,missed
14555,missed
14558,missed
14559,missed
14561,missed
14563,made
14572,missed
14573,missed
14578,missed
14583,missed
14593,made
14595,missed
14597,made
14600,missed
14602,made
14608,made
14609,made
14618,missed
14649,missed
14659,made
14670,made
14684,missed
14690,missed
14699,missed
14701,missed
14702,missed
14732,missed
14744,made
14745,missed
14753,made
14772,missed
14775,missed
14778,missed
14779,missed
14780,missed
14781,missed
14784,missed
14789,missed
14790,made
14798,made
14803,missed
14809,made
14811,missed
14825,made
14826,made
14832,missed
14835,missed
14840,missed
14847,made
14850,missed
14859,missed
14867,made
14868,missed
14870,missed
14882,made
14883,missed
14894,made
14899,missed
14906,missed
14912,made
14921,missed
14923,missed
14925,made
14927,made
14932,made
14945,made
14969,missed
14972,missed
14979,missed
14981,missed
14986,missed
14992,missed
14999,missed
15004,made
15006,made
15010,made
15023,missed
15033,missed
15035,missed
15046,missed
15048,made
15055,missed
15056,made
15057,missed
15059,made
15065,missed
15067,missed
15070,missed
15089,made
15116,made
15121,made
15135,missed
15143,made
15144,missed
15153,made
15154,missed
15158,missed
15160,missed
15162,missed
15164,made
15169,made
15171,made
15179,missed
15182,missed
15183,made
15190,made
15195,missed
15207,missed
15208,missed
15215,missed
15220,made
15225,missed
15235,missed
15258,made
15261,missed
15263,missed
15271,missed
15279,made
15280,missed
15283,made
15297,made
15304,missed
15305,missed
15312,missed
15313,missed
15321,missed
15323,missed
15339,missed
15350,missed
15352,missed
15362,missed
15363,made
15384,missed
15388,made
15410,missed
15413,missed
15423,missed
15424,missed
15429,missed
15430,missed
15445,made
15452,missed
15454,made
15457,made
15458,missed
15470,missed
15479,made
15484,missed
15487,made
15488,missed
15496,made
15504,made
15507,made
15509,made
15519,missed
15522,missed
15527,missed
15528,missed
15550,missed
15560,made
15573,made
15575,missed
15578,missed
15593,made
15598,missed
15604,missed
15625,missed
15626,missed
15629,missed
15630,missed
15632,made
15639,made
15641,made
15645,made
15650,missed
15652,missed
15659,made
15662,missed
15664,made
15665,made
15670,missed
15679,missed
15681,missed
15684,missed
15687,missed
15689,made
15692,missed
15695,made
15696,made
15704,missed
15705,made
15708,missed
15711,made
15712,made
15719,missed
15721,made
15730,missed
15733,made
15737,missed
15746,missed
15749,missed
15754,missed
15760,missed
15762,made
15769,missed
15780,missed
15787,missed
15789,missed
15791,missed
15794,made
15800,missed
15806,missed
15809,missed
15813,made
15816,missed
15844,missed
15858,made
15863,made
15864,missed
15876,made
15882,missed
15894,missed
15901,missed
15905,made
15914,made
15925,missed
15927,made
15936,made
15938,missed
15948,made
15950,made
15952,missed
15953,made
15958,made
15961,made
15964,made
15968,made
15970,missed
15997,made
15999,made
16011,made
16012,made
16019,missed
16029,missed
16031,missed
16034,made
16048,made
16056,made
16073,made
16080,missed
16081,missed
16084,made
16091,made
16101,made
16102,made
16103,missed
16114,missed
16115,missed
16117,missed
16126,missed
16135,missed
16139,missed
16147,missed
16153,missed
16165,missed
16179,made
16186,made
16189,missed
16191,made
16193,made
16199,missed
16200,missed
16201,missed
16209,missed
16213,missed
16226,missed
16234,missed
16238,made
16241,missed
16280,missed
16287,made
16301,missed
16303,missed
16326,missed
16329,missed
16338,made
16345,missed
16355,missed
16365,made
16371,missed
16379,missed
16380,made
16384,made
16390,made
16398,missed
16415,made
16417,missed
16419,missed
16424,made
16426,made
16437,missed
16447,missed
16455,missed
16470,missed
16475,missed
16476,missed
16479,made
16485,missed
16492,missed
16493,missed
16498,missed
16503,missed
16505,missed
16508,missed
16513,made
16533,missed
16544,made
16556,missed
16577,made
16582,missed
16608,missed
16613,made
16615,missed
16635,missed
16642,made
16660,made
16676,missed
16698,made
16699,made
16702,made
16704,made
16716,made
16720,missed
16727,missed
16733,missed
16734,made
16738,missed
16739,missed
16741,missed
16743,made
16768,missed
16779,missed
16794,made
16796,missed
16816,made
16829,missed
16844,missed
16850,made
16855,made
16859,made
16876,made
16877,made
16888,made
16894,made
16896,missed
16898,made
16906,missed
16909,made
16918,missed
16924,missed
16926,made
16933,missed
16948,made
16952,missed
16953,missed
16956,made
16958,missed
16992,missed
17004,made
17011,made
17013,missed
17017,missed
17023,made
17025,made
17031,missed
17034,missed
17048,missed
17049,missed
17050,missed
17052,missed
17064,made
17069,made
17074,missed
17084,made
17086,made
17092,made
17095,missed
17096,missed
17101,made
17110,made
17112,missed
17115,made
17119,made
17127,missed
17128,missed
17135,missed
17137,missed
17160,made
17168,missed
17171,missed
17181,made
17193,missed
17198,missed
17211,missed
17213,missed
17217,missed
17223,made
17228,missed
17231,made
17239,missed
17240,missed
17244,missed
17271,missed
17277,missed
17280,made
17281,made
17287,made
17288,missed
17303,missed
17306,made
17309,missed
17314,made
17321,made
17323,missed
17324,missed
17326,made
17327,missed
17334,missed
17338,made
17340,made
17345,made
17346,made
17360,made
17362,made
17372,missed
17384,missed
17386,made
17394,missed
17401,missed
17411,missed
17414,made
17415,missed
17421,missed
17427,missed
17437,made
17440,missed
17443,missed
17444,made
17456,made
17462,missed
17470,missed
17473,missed
17475,missed
17476,missed
17478,made
17479,missed
17486,made
17491,missed
17496,missed
17503,made
17504,missed
17506,missed
17515,missed
17530,missed
17531,missed
17532,missed
17536,made
17538,made
17541,missed
17552,missed
17558,missed
17560,missed
17562,made
17564,missed
17571,missed
17597,missed
17599,made
17608,missed
17617,made
17619,missed
17626,missed
17645,made
17673,missed
17676,missed
17682,missed
17684,missed
17688,missed
17690,missed
17697,missed
17698,missed
17699,missed
17706,missed
17711,missed
17712,missed
17713,made
17718,missed
17722,missed
17733,made
17734,made
17736,missed
17738,missed
17741,made
17742,missed
17743,made
17747,missed
17752,missed
17760,missed
17766,missed
17772,missed
17803,made
17822,missed
17824,made
17826,missed
17829,made
17832,missed
17839,missed
17847,missed
17853,missed
17862,made
17863,made
17870,made
17874,missed
17878,made
17890,made
17894,missed
17895,missed
17897,missed
17900,made
17920,missed
17922,made
17929,made
17930,missed
17936,missed
17947,missed
17950,made
17955,made
17958,missed
17980,made
17982,made
17986,missed
17994,missed
17996,missed
18001,missed
18002,missed
18004,made
18005,made
18011,missed
18013,made
18014,missed
18015,made
18035,missed
18038,missed
18042,made
18051,missed
18052,missed
18066,made
18071,made
18072,missed
18079,missed
18081,made
18085,made
18086,missed
18090,missed
18091,made
18094,made
18100,made
18101,missed
18103,missed
18109,made
18113,made
18124,missed
18126,made
18131,made
18133,missed
18141,missed
18148,missed
18152,made
18159,made
18160,missed
18162,made
18177,missed
18180,missed
18181,missed
18186,made
18189,made
18192,missed
18193,missed
18194,missed
18210,missed
18212,made
18214,made
18216,missed
18219,missed
18221,missed
18231,made
18237,missed
18241,made
18247,missed
18259,missed
18262,made
18264,missed
18270,missed
18283,missed
18292,missed
18297,missed
18298,missed
18306,made
18311,missed
18316,missed
18322,missed
18324,made
18328,missed
18330,made
18335,missed
18354,missed
18356,missed
18373,missed
18375,missed
18376,missed
18377,missed
18380,made
18383,made
18388,missed
18390,missed
18405,made
18414,made
18425,made
18428,made
18429,made
18435,made
18451,missed
18457,missed
18477,made
18478,made
18481,made
18485,missed
18494,made
18499,made
18500,made
18509,made
18520,missed
18531,missed
18559,missed
18562,missed
18570,missed
18572,missed
18573,missed
18578,missed
18580,missed
18603,made
18605,missed
18608,missed
18609,made
18611,missed
18614,missed
18615,missed
18617,missed
18618,made
18620,made
18622,missed
18637,missed
18638,missed
18640,missed
18648,missed
18649,made
18654,missed
18655,missed
18662,made
18687,missed
18690,missed
18700,made
18704,missed
18712,made
18713,missed
18714,made
18734,missed
18742,made
18743,made
18744,missed
18746,missed
18747,missed
18753,missed
18755,missed
18756,missed
18764,missed
18774,made
18784,made
18785,missed
18788,made
18793,missed
18795,missed
18810,missed
18812,made
18820,made
18830,made
18837,missed
18850,missed
18851,made
18855,missed
18860,missed
18861,made
18862,missed
18869,made
18883,missed
18891,missed
18893,missed
18899,missed
18904,made
18908,made
18912,made
18913,made
18918,made
18928,made
18931,made
18934,made
18940,made
18941,made
18958,missed
18960,made
18963,made
18965,missed
18983,missed
18988,missed
19011,missed
19022,made
19024,missed
19025,made
19035,missed
19037,made
19038,made
19043,missed
19044,missed
19046,missed
19060,missed
19063,missed
19073,missed
19074,missed
19080,missed
19087,missed
19090,made
19093,missed
19094,made
19096,missed
19105,missed
19109,made
19115,made
19118,missed
19122,made
19131,made
19138,made
19143,missed
19149,made
19154,missed
19162,missed
19163,made
19164,missed
19172,missed
19178,made
19180,missed
19182,missed
19183,missed
19187,missed
19188,missed
19189,missed
19192,missed
19194,missed
19204,missed
19207,missed
19212,missed
19220,missed
19221,made
19224,missed
19229,missed
19231,missed
19245,missed
19255,missed
19258,missed
19259,missed
19261,missed
19265,missed
19268,missed
19269,made
19271,missed
19275,missed
19285,missed
19290,made
19300,made
19301,made
19304,made
19311,missed
19322,missed
19334,made
19338,missed
19341,missed
19342,made
19343,missed
19345,missed
19347,missed
19361,made
19365,missed
19374,made
19376,made
19390,missed
19391,missed
19395,made
19398,missed
19401,missed
19402,missed
19410,made
19413,made
19414,missed
19419,made
19424,missed
19426,made
19427,missed
19428,missed
19437,missed
19440,missed
19441,made
19445,made
19447,made
19448,missed
19451,made
19469,missed
19470,missed
19471,missed
19473,made
19474,missed
19480,missed
19483,missed
19485,made
19495,missed
19497,made
19502,missed
19504,made
19517,missed
19520,missed
19554,made
19559,missed
19560,made
19565,missed
19566,missed
19576,made
19585,made
19588,missed
19589,made
19592,missed
19593,missed
19600,missed
19604,missed
19612,missed
19618,made
19624,made
19627,missed
19629,made
19631,missed
19647,missed
19648,made
19650,made
19674,missed
19676,missed
19678,missed
19680,missed
19693,missed
19695,missed
19700,missed
19701,made
19702,made
19711,made
19712,made
19733,made
19735,missed
19736,missed
19738,missed
19745,missed
19747,made
19749,missed
19750,missed
19759,made
19760,missed
19766,made
19778,made
19779,missed
19781,made
19782,missed
19784,missed
19801,missed
19802,missed
19805,made
19811,missed
19813,missed
19816,missed
19824,made
19829,missed
19838,missed
19863,missed
19869,missed
19870,made
19876,missed
19877,made
19878,missed
19882,missed
19887,missed
19892,missed
19896,missed
19910,made
19911,made
19931,made
19937,made
19941,missed
19954,made
19958,missed
19959,missed
19994,missed
19998,made
20009,missed
20021,missed
20026,missed
20027,missed
20032,missed
20042,missed
20043,made
20061,missed
20063,missed
20068,missed
20071,missed
20073,missed
20075,made
20086,missed
20090,made
20091,missed
20096,missed
20100,made
20112,missed
20113,missed
20123,made
20148,missed
20149,missed
20152,missed
20162,made
20182,missed
20186,missed
20187,made
20188,missed
20198,missed
20199,missed
20200,missed
20207,missed
20208,missed
20213,made
20242,missed
20244,missed
20248,made
20250,missed
20251,missed
20261,made
20269,made
20281,missed
20285,missed
20293,missed
20297,missed
20305,missed
20306,missed
20319,missed
20322,made
20325,made
20329,missed
20330,made
20332,missed
20346,made
20351,made
20357,made
20362,missed
20363,made
20365,made
20374,made
20377,missed
20384,missed
20397,made
20424,made
20428,made
20429,made
20437,made
20439,made
20441,made
20447,made
20448,made
20449,missed
20450,missed
20452,missed
20479,made
20480,missed
20489,made
20492,missed
20518,missed
20525,missed
20535,made
20538,made
20540,made
20544,missed
20556,missed
20557,missed
20563,made
20565,made
20575,made
20577,made
20588,missed
20589,made
20590,made
20593,missed
20602,missed
20609,missed
20613,made
20634,made
20636,missed
20637,missed
20671,missed
20674,made
20676,made
20679,missed
20690,made
20691,missed
20695,made
20700,made
20710,missed
20713,missed
20717,made
20720,missed
20728,missed
20731,missed
20743,missed
20746,made
20752,missed
20754,missed
20757,missed
20758,missed
20762,missed
20764,missed
20765,missed
20790,missed
20822,missed
20823,missed
20826,missed
20828,missed
20830,made
20853,missed
20869,missed
20873,missed
20877,made
20878,made
20879,missed
20885,made
20886,missed
20887,made
20891,missed
20896,made
20905,missed
20911,missed
20914,missed
20920,made
20925,missed
20927,missed
20931,made
20940,missed
20941,missed
20955,missed
20969,missed
20973,missed
20974,missed
20983,missed
20987,missed
20988,missed
21006,missed
21014,missed
21017,made
21030,made
21031,missed
21034,missed
21035,missed
21066,missed
21070,missed
21082,missed
21094,missed
21102,missed
21103,missed
21122,missed
21124,missed
21126,missed
21128,missed
21136,missed
21137,missed
21141,missed
21149,made
21150,missed
21152,missed
21162,missed
21167,missed
21171,missed
21178,made
21179,missed
21181,made
21182,made
21183,made
21186,missed
21187,missed
21190,missed
21191,made
21194,made
21200,missed
21205,made
21223,missed
21235,missed
21236,missed
21247,missed
21248,missed
21252,missed
21256,missed
21257,made
21262,made
21264,missed
21272,missed
21278,missed
21287,made
21297,missed
21303,made
21308,made
21322,missed
21323,missed
21328,missed
21332,missed
21340,missed
21353,made
21354,missed
21355,made
21358,made
21359,missed
21369,made
21370,missed
21379,missed
21380,missed
21381,missed
21393,made
21395,missed
21400,made
21403,made
21404,missed
21413,missed
21415,missed
21427,missed
21431,missed
21432,made
21445,missed
21451,missed
21452,missed
21453,missed
21461,made
21496,missed
21503,missed
21504,missed
21508,missed
21511,missed
21523,missed
21545,made
21547,made
21551,made
21556,missed
21560,missed
21569,missed
21571,missed
21580,missed
21592,missed
21595,missed
21596,missed
21616,made
21626,made
21630,made
21633,missed
21637,missed
21639,missed
21653,missed
21663,missed
21672,missed
21673,missed
21681,missed
21683,made
21684,missed
21685,missed
21690,missed
21693,missed
21707,missed
21713,missed
21717,missed
21724,missed
21725,missed
21732,made
21748,missed
21761,missed
21767,missed
21781,missed
21808,missed
21809,made
21814,missed
21815,missed
21817,missed
21825,missed
21830,made
21834,missed
21835,missed
21836,missed
21847,made
21848,missed
21856,made
21862,missed
21867,missed
21869,missed
21870,missed
21872,missed
21879,made
21890,missed
21894,missed
21903,missed
21904,missed
21908,missed
21912,missed
21928,missed
21934,missed
21938,missed
21939,missed
21941,missed
21946,missed
21959,missed
21964,missed
21974,missed
21983,missed
21986,made
21990,missed
21991,missed
21992,made
21997,missed
21999,missed
22011,missed
22015,missed
22020,missed
22021,missed
22022,missed
22026,missed
22038,missed
22039,missed
22045,missed
22046,missed
22051,missed
22060,missed
22066,missed
22067,missed
22068,missed
22070,missed
22071,missed
22072,missed
22074,missed
22083,missed
22087,missed
22089,missed
22094,missed
22115,missed
22119,missed
22126,missed
22136,made
22170,missed
22172,missed
22173,made
22177,made
22179,missed
22182,missed
22185,missed
22195,missed
22197,missed
22199,missed
22216,missed
22218,made
22225,made
22226,made
22231,missed
22238,missed
22242,missed
22252,missed
22259,missed
22261,missed
22263,missed
22274,missed
22279,missed
22281,missed
22283,missed
22294,missed
22311,made
22314,missed
22319,made
22327,missed
22330,missed
22331,missed
22332,missed
22362,missed
22366,made
22367,missed
22370,missed
22377,missed
22383,missed
22385,missed
22388,made
22397,made
22401,missed
22402,missed
22404,missed
22406,missed
22410,missed
22413,made
22423,missed
22428,missed
22429,missed
22430,missed
22447,missed
22454,missed
22455,missed
22462,made
22465,missed
22473,missed
22474,missed
22478,missed
22484,missed
22485,missed
22489,missed
22491,missed
22494,missed
22500,missed
22501,missed
22503,missed
22505,missed
22508,missed
22509,missed
22516,missed
22518,missed
22537,missed
22540,missed
22542,made
22550,missed
22555,missed
22559,missed
22572,missed
22573,missed
22588,missed
22592,missed
22594,missed
22597,missed
22600,missed
22611,missed
22616,made
22620,missed
22628,made
22630,made
22656,missed
22668,missed
22676,missed
22679,made
22684,missed
22691,made
22692,missed
22701,missed
22702,missed
22705,made
22706,missed
22711,missed
22715,missed
22716,missed
22720,missed
22733,made
22738,missed
22741,made
22758,missed
22759,missed
22773,missed
22775,missed
22776,made
22777,made
22778,made
22780,missed
22803,missed
22804,missed
22808,missed
22815,missed
22816,missed
22834,missed
22840,missed
22841,missed
22843,missed
22844,missed
22846,missed
22848,missed
22852,missed
22857,missed
22858,missed
22860,missed
22872,missed
22873,missed
22876,missed
22880,missed
22887,missed
22902,missed
22928,missed
22938,missed
22943,missed
22959,made
22967,made
22969,missed
22979,made
22987,made
22991,made
22995,made
22998,made
23001,made
23002,missed
23004,made
23006,missed
23009,made
23013,made
23021,made
23035,missed
23036,made
23041,made
23069,missed
23079,missed
23086,made
23090,missed
23114,made
23117,made
23125,missed
23126,missed
23129,missed
23149,missed
23150,missed
23163,made
23174,made
23179,missed
23184,made
23189,made
23190,made
23204,missed
23221,missed
23224,missed
23226,made
23231,missed
23238,missed
23246,made
23248,missed
23249,made
23253,missed
23260,made
23268,made
23269,made
23270,made
23284,made
23285,made
23290,made
23296,missed
23309,made
23316,made
23319,missed
23332,made
23339,made
23340,made
23348,missed
23356,missed
23368,made
23370,missed
23392,missed
23395,made
23408,missed
23413,missed
23415,made
23423,made
23441,missed
23442,missed
23452,made
23458,made
23466,missed
23472,made
23481,missed
23489,made
23499,missed
23504,made
23505,made
23507,missed
23509,missed
23510,made
23512,made
23519,made
23524,missed
23529,missed
23536,made
23540,made
23541,made
23543,made
23561,missed
23566,missed
23570,made
23574,missed
23584,made
23595,missed
23596,missed
23601,missed
23602,missed
23631,missed
23634,made
23645,missed
23650,missed
23654,missed
23661,missed
23663,missed
23665,made
23668,missed
23679,made
23685,made
23696,made
23711,missed
23727,missed
23731,made
23736,made
23738,missed
23741,made
23752,missed
23756,missed
23757,missed
23759,missed
23767,made
23768,made
23789,made
23790,made
23795,made
23799,made
23800,missed
23813,made
23822,made
23823,missed
23829,made
23831,made
23836,made
23837,made
23843,missed
23849,missed
23851,made
23857,made
23868,missed
23880,missed
23884,missed
23886,missed
23895,made
23907,missed
23922,missed
23927,made
23930,made
23937,missed
23944,made
23945,made
23954,made
23955,missed
23956,made
23966,made
23976,made
23985,made
23987,missed
23988,missed
24005,missed
24008,made
24011,made
24020,made
24027,missed
24028,missed
24031,made
24038,made
24042,missed
24046,missed
24047,made
24059,missed
24060,made
24076,made
24080,missed
24085,made
24086,missed
24106,made
24108,missed
24109,made
24110,missed
24128,made
24131,missed
24136,made
24140,made
24141,made
24148,missed
24165,missed
24198,made
24210,missed
24211,made
24218,made
24219,made
24220,made
24225,missed
24228,missed
24239,made
24250,missed
24262,missed
24263,made
24269,made
24273,missed
24279,missed
24303,missed
24317,missed
24321,missed
24328,missed
24337,missed
24342,missed
24350,made
24353,made
24358,missed
24361,made
24366,missed
24367,made
24373,made
24378,missed
24387,made
24393,missed
24394,made
24397,missed
24399,missed
24404,missed
24412,missed
24423,missed
24430,made
24456,made
24457,missed
24464,made
24468,made
24488,made
24489,missed
24492,made
24499,missed
24512,made
24513,made
24514,made
24525,made
24526,made
24541,made
24545,made
24549,made
24560,made
24563,made
24567,made
24572,made
24581,missed
24582,missed
24590,missed
24591,missed
24609,made
24614,made
24616,made
24626,made
24631,made
24638,made
24640,missed
24659,missed
24662,missed
24697,made
24700,missed
24701,made
24710,made
24718,missed
24730,made
24739,made
24747,made
24754,missed
24755,made
24758,missed
24762,made
24776,missed
24789,missed
24805,made
24808,made
24812,made
24820,made
24834,made
24840,missed
24844,missed
24847,made
24869,made
24882,made
24883,missed
24888,made
24889,made
24914,missed
24915,made
24916,made
24929,made
24932,missed
24933,missed
24941,made
24961,missed
24962,missed
24963,missed
24968,missed
24974,made
24980,made
24986,missed
24991,made
24995,made
25001,made
25014,made
25023,made
25024,missed
25029,missed
25033,made
25046,missed
25065,made
25068,made
25073,made
25079,made
25082,made
25084,made
25092,made
25094,made
25106,missed
25114,made
25130,missed
25134,missed
25144,made
25145,missed
25148,missed
25162,made
25163,made
25169,missed
25171,missed
25176,made
25183,missed
25188,missed
25192,made
25194,missed
25200,made
25205,missed
25211,made
25212,made
25214,missed
25220,missed
25227,missed
25235,made
25244,made
25251,made
25267,made
25268,made
25270,made
25271,missed
25281,missed
25284,made
25287,missed
25303,made
25305,missed
25310,missed
25315,missed
25320,made
25325,missed
25333,made
25343,missed
25350,missed
25361,made
25368,made
25385,made
25387,made
25404,made
25405,made
25417,missed
25420,missed
25427,missed
25437,missed
25440,missed
25442,missed
25468,made
25475,made
25476,made
25480,made
25488,made
25489,missed
25490,made
25497,missed
25501,missed
25505,made
25506,made
25513,made
25521,missed
25550,missed
25557,missed
25558,made
25561,missed
25563,missed
25564,made
25572,made
25577,made
25581,made
25584,missed
25594,made
25601,made
25603,made
25609,made
25611,made
25623,missed
25643,missed
25644,missed
25645,made
25652,missed
25659,made
25665,made
25668,made
25672,made
25677,made
25680,made
25689,made
25699,made
25701,made
25707,made
25712,missed
25713,made
25715,made
25720,missed
25723,made
25726,made
25728,missed
25731,made
25732,made
25740,missed
25750,missed
25751,made
25758,missed
25770,missed
25778,made
25780,missed
25800,made
25807,made
25808,missed
25826,missed
25833,made
25837,made
25844,made
25849,made
25850,made
25855,made
25859,missed
25863,missed
25884,missed
25893,made
25897,made
25907,missed
25917,made
25923,missed
25944,missed
25958,missed
25961,made
25978,made
25991,missed
26004,made
26013,made
26031,missed
26041,made
26048,missed
26051,made
26060,missed
26061,missed
26063,missed
26065,missed
26069,missed
26071,made
26073,made
26077,made
26082,missed
26090,missed
26093,missed
26101,made
26109,made
26111,missed
26123,made
26128,made
26135,made
26136,made
26144,made
26145,made
26146,made
26147,made
26148,made
26150,made
26154,made
26155,made
26159,missed
26160,missed
26168,missed
26188,missed
26191,made
26203,missed
26222,made
26224,made
26226,missed
26227,missed
26230,made
26231,missed
26233,missed
26235,missed
26237,made
26239,made
26243,missed
26253,missed
26260,missed
26262,missed
26287,made
26288,missed
26295,missed
26298,missed
26300,made
26305,made
26309,missed
26312,missed
26323,made
26330,missed
26332,made
26333,missed
26336,missed
26345,made
26351,made
26363,made
26369,made
26398,missed
26406,made
26408,made
26409,made
26414,made
26416,made
26418,missed
26420,made
26433,made
26441,missed
26456,made
26457,missed
26474,made
26485,made
26504,missed
26510,made
26519,missed
26526,made
26529,missed
26533,missed
26539,missed
26540,missed
26546,made
26551,made
26563,missed
26590,made
26599,missed
26605,missed
26612,missed
26627,made
26628,missed
26634,missed
26650,made
26654,made
26658,made
26677,missed
26680,missed
26707,missed
26736,made
26741,made
26753,made
26757,missed
26783,missed
26786,missed
26793,missed
26800,missed
26801,missed
26804,missed
26806,missed
26810,missed
26816,missed
26821,made
26825,made
26836,made
26853,made
26856,made
26857,missed
26859,made
26871,made
26880,missed
26885,made
26891,missed
26895,made
26896,missed
26900,made
26923,missed
26927,missed
26935,made
26955,missed
26962,made
26965,missed
26978,missed
26979,missed
26980,missed
26989,missed
27005,missed
27006,made
27008,made
27009,missed
27017,made
27021,missed
27023,missed
27027,made
27051,made
27053,missed
27054,missed
27061,made
27076,missed
27077,made
27087,missed
27098,made
27102,missed
27108,made
27109,missed
27120,missed
27122,missed
27127,missed
27128,missed
27148,missed
27151,missed
27153,missed
27162,missed
27165,made
27166,missed
27169,missed
27172,missed
27185,missed
27188,missed
27195,made
27198,made
27201,missed
27210,made
27211,missed
27220,missed
27222,missed
27230,missed
27236,missed
27240,made
27243,made
27247,made
27254,made
27259,missed
27266,missed
27267,made
27276,made
27285,made
27292,made
27294,missed
27310,missed
27319,missed
27323,missed
27324,made
27327,made
27345,made
27346,missed
27363,made
27367,made
27368,missed
27376,missed
27390,made
27405,made
27411,missed
27414,missed
27426,missed
27427,missed
27434,missed
27440,missed
27453,missed
27457,missed
27458,missed
27468,missed
27470,made
27489,missed
27490,made
27496,missed
27497,missed
27501,missed
27502,made
27505,missed
27506,missed
27507,missed
27526,made
27527,missed
27537,made
27540,made
27542,made
27558,missed
27562,made
27573,missed
27575,missed
27598,missed
27599,missed
27600,made
27603,missed
27606,made
27610,missed
27619,missed
27620,missed
27621,missed
27623,missed
27626,made
27635,made
27644,made
27652,missed
27654,missed
27655,missed
27657,missed
27663,made
27666,missed
27669,missed
27679,made
27682,missed
27685,missed
27686,missed
27695,missed
27707,missed
27709,made
27712,missed
27719,made
27722,made
27723,missed
27724,missed
27728,made
27730,missed
27731,missed
27747,made
27749,made
27751,missed
27752,made
27760,missed
27764,missed
27770,missed
27799,missed
27809,made
27810,missed
27811,made
27816,made
27818,made
27821,missed
27823,made
27827,made
27828,made
27836,made
27851,missed
27868,made
27873,missed
27875,made
27880,made
27887,missed
27900,missed
27902,missed
27903,missed
27907,missed
27912,made
27919,made
27928,made
27929,made
27931,missed
27947,missed
27948,missed
27951,made
27959,made
27972,made
27989,missed
27994,made
27997,missed
27999,missed
28011,missed
28017,missed
28020,missed
28022,missed
28023,missed
28029,missed
28034,missed
28039,missed
28043,missed
28051,missed
28055,made
28059,missed
28069,made
28076,missed
28078,missed
28083,made
28092,made
28094,missed
28096,missed
28098,missed
28100,missed
28101,missed
28102,made
28103,missed
28111,made
28115,missed
28120,missed
28121,made
28123,missed
28152,made
28153,missed
28163,missed
28171,missed
28178,missed
28180,missed
28190,made
28192,missed
28203,missed
28204,made
28222,missed
28225,made
28240,missed
28241,made
28244,made
28246,missed
28256,missed
28262,missed
28281,missed
28290,missed
28291,missed
28313,made
28316,missed
28325,made
28332,missed
28333,made
28338,missed
28341,made
28344,made
28352,made
28355,made
28358,made
28359,made
28376,missed
28382,missed
28397,made
28402,made
28409,missed
28415,missed
28417,made
28426,missed
28428,made
28435,made
28436,made
28441,missed
28447,made
28453,made
28459,missed
28461,made
28464,missed
28466,missed
28467,missed
28471,missed
28474,missed
28481,missed
28484,missed
28488,missed
28496,missed
28504,made
28511,made
28524,missed
28529,missed
28537,missed
28541,made
28546,made
28562,missed
28573,missed
28591,made
28592,made
28599,missed
28607,made
28611,missed
28616,missed
28617,missed
28621,missed
28625,missed
28626,missed
28636,missed
28637,missed
28652,made
28653,missed
28658,missed
28674,made
28677,missed
28678,missed
28680,missed
28686,missed
28691,missed
28692,made
28695,missed
28696,missed
28699,missed
28700,made
28712,made
28716,missed
28730,missed
28737,made
28756,missed
28774,missed
28780,made
28782,made
28787,missed
28796,made
28800,missed
28815,missed
28818,made
28819,made
28827,missed
28841,missed
28852,missed
28856,missed
28866,made
28867,made
28872,made
28874,missed
28879,made
28883,made
28886,made
28889,made
28900,missed
28907,made
28908,made
28918,missed
28933,missed
28948,missed
28965,missed
28966,made
28980,made
28998,missed
29000,made
29012,missed
29032,made
29033,missed
29034,made
29042,missed
29051,missed
29052,missed
29056,missed
29058,made
29059,missed
29060,made
29068,made
29081,made
29083,made
29088,missed
29096,missed
29113,missed
29120,made
29127,made
29131,made
29142,made
29143,missed
29148,made
29177,made
29180,made
29181,made
29182,made
29183,made
29186,missed
29205,made
29209,made
29214,missed
29221,missed
29222,missed
29230,missed
29234,made
29243,missed
29249,made
29263,missed
29269,missed
29270,missed
29275,missed
29277,missed
29285,missed
29290,made
29294,missed
29307,missed
29339,missed
29340,made
29348,missed
29358,made
29359,made
29375,missed
29380,made
29382,made
29387,made
29390,made
29391,made
29398,missed
29406,missed
29422,missed
29437,missed
29451,missed
29452,missed
29454,missed
29464,missed
29466,missed
29467,missed
29483,missed
29484,missed
29487,made
29488,missed
29494,missed
29500,missed
29502,missed
29504,missed
29511,missed
29514,missed
29515,made
29521,missed
29522,missed
29527,missed
29528,missed
29534,made
29548,made
29551,missed
29552,missed
29570,made
29571,made
29587,missed
29588,missed
29621,made
29635,missed
29646,missed
29653,missed
29655,missed
29660,made
29661,missed
29662,missed
29669,missed
29675,missed
29676,made
29677,missed
29682,made
29684,missed
29685,missed
29692,missed
29698,made
29704,missed
29716,made
29718,missed
29723,missed
29724,made
29731,missed
29737,missed
29740,made
29746,made
29755,made
29756,missed
29760,missed
29771,made
29772,missed
29787,missed
29789,missed
29796,made
29798,missed
29808,missed
29809,made
29810,missed
29816,made
29823,made
29833,made
29842,missed
29847,missed
29848,made
29850,made
29851,missed
29865,made
29870,made
29872,missed
29880,missed
29886,made
29889,made
29890,made
29891,missed
29893,made
29897,made
29901,made
29903,missed
29904,missed
29905,missed
29916,missed
29917,missed
29920,made
29922,made
29928,made
29930,missed
29951,made
29956,made
29962,made
29971,missed
29984,made
29988,missed
29997,made
30003,made
30005,missed
30016,missed
30020,missed
30023,missed
30034,made
30035,missed
30047,missed
30048,missed
30050,missed
30063,missed
30077,missed
30081,missed
30095,made
30096,missed
30108,missed
30115,made
30134,missed
30138,missed
30147,missed
30153,made
30159,made
30160,made
30163,missed
30164,made
30181,missed
30187,missed
30197,made
30198,made
30202,made
30204,made
30207,missed
30209,missed
30211,missed
30217,made
30218,missed
30220,made
30229,missed
30231,made
30234,made
30244,made
30273,missed
30276,missed
30281,made
30282,missed
30287,made
30288,missed
30308,made
30309,missed
30313,made
30316,made
30318,missed
30322,made
30326,made
30327,made
30331,missed
30337,missed
30339,made
30351,missed
30354,missed
30358,missed
30360,made
30367,missed
30371,missed
30374,made
30383,made
30401,made
30409,made
30410,missed
30412,made
30417,made
30422,made
30424,made
30436,missed
30444,made
30448,missed
30452,made
30453,made
30465,made
30468,made
30470,made
30471,made
30473,made
30475,made
30477,missed
30510,missed
30514,missed
30518,missed
30521,made
30528,missed
30538,missed
30544,missed
30546,missed
30547,missed
30548,missed
30551,missed
30552,made
30554,missed
30559,made
30567,made
30571,missed
30580,missed
30581,missed
30584,missed
30588,missed
30589,missed
30593,missed
30597,missed
30607,missed
30609,missed
30613,missed
30633,made
30634,missed
30651,made
30653,made
30658,made
30659,made
30673,missed
30679,missed
30682,missed
30685,missed
30692,missed
